Paribus,PBX
Oasis Network,ROSE
Bao Finance,BAO
Polkadot,DOT
BitTorrent,BTT
TrueFi,TRU
Dogecoin,DOGE
Avalanche,AVAX
Solana,SOL
Mina,MINA
Kyber Network Crystal v2,KNC
APENFT,NFT
Bifrost (BFC),BFC
Moonriver,MOVR
XRP,XRP
RMRK,RMRK
Define,DFA
Gem Guardian,GEMG
WINkLink,WIN
OMG Network,OMG
MOBOX,MBOX
Delta,DELTA
Million,MM
Alpha Quark Token,AQT
Coin98,C98
Radio Caca,RACA
Internet Computer,ICP
Binance Coin,BNB
SKALE Network,SKL
Bitcoin Cash,BCH
WETH,WETH
Yield Guild Games,YGG
Based Gold,BGLD
FTX Token,FTT
PlayDapp,PLA
Filecoin,FIL
Automata Network,ATA
Cardano,ADA
Name Change Token,NCT
Venus,XVS
BitShares,BTS
Star Atlas,ATLAS
1inch,1INCH
Star Atlas DAO,POLIS
Marlin,POND
SHIBA INU,SHIB
EOS,EOS
NEAR Protocol,NEAR
Wrapped Huobi Token,WHT
The Graph,GRT
dYdX,DYDX
Plant Vs Undead,PVU
Mdex,MDX
Flow,FLOW
THETA,THETA
Bitcoin,BTC
Storj,STORJ
Monsta Infinite,MONI
Binance USD,BUSD
Qtum,QTUM
USD Coin,USDC
Mask Network,MASK
Alien Worlds,TLM
Ethereum,ETH
Strike,STRK
Neo,NEO
Chainlink,LINK
TRON,TRX
StormX,STMX
XT.com Token,XT
Holo,HOT
Aave,AAVE
Stellar,XLM
Kokoswap,KOKO
Pylon Protocol,MINE
Audius,AUDIO
stETH (Lido),STETH
Vega Protocol,VEGA
The Doge NFT,DOG
Raydium,RAY
Algorand,ALGO
Wonderland,TIME
MyNeighborAlice,ALICE
Cosmos,ATOM
Synapse,SYN
Lido DAO Token,LDO
VeChain,VET
Clover Finance,CLV
Ethereum Classic,ETC
Tezos,XTZ
SXC Token,SXC
Monero,XMR
Tether,USDT
Thetan Arena,THG
Bitcoin Cash ABC,BCHA
Reef,REEF
Polygon,MATIC
Pundi X[old],NPXS
Wrapped BNB,WBNB
eCash,XEC
Chiliz,CHZ
Dash,DASH
Braintrust,BTRST
Axie Infinity,AXS
GameFi,GAFI
Adventure Gold,AGLD
Terra,LUNA
Conflux,CFX